test_id,test_data,is_free,client_id
1,"{""test_name"": ""Mock Test 1"", ""q_count"": 100, ""question_data"": [{""q_string"": ""some question"", ""options"": [""option1"", ""option2"", ""option3""]}]}",false,5
2,"{""test_name"": ""Mock Test 2"", ""q_count"": 100, ""question_data"": [{""q_string"": ""some question"", ""options"": [""option1"", ""option2"", ""option3""]}]}",false,65
3,"{""test_name"": ""Mock Test 3"", ""q_count"": 100, ""question_data"": [{""q_string"": ""some question"", ""options"": [""option1"", ""option2"", ""option3""]}]}",false,1
4,"{""test_name"": ""Mock Test 4"", ""q_count"": 100, ""question_data"": [{""q_string"": ""some question"", ""options"": [""option1"", ""option2"", ""option3""]}]}",false,78
5,"{""test_name"": ""Mock Test 5"", ""q_count"": 100, ""question_data"": [{""q_string"": ""some question"", ""options"": [""option1"", ""option2"", ""option3""]}]}",false,65
6,"{""test_name"": ""Mock Test 6"", ""q_count"": 100, ""question_data"": [{""q_string"": ""some question"", ""options"": [""option1"", ""option2"", ""option3""]}]}",true,98
7,"{""test_name"": ""Mock Test 7"", ""q_count"": 100, ""question_data"": [{""q_string"": ""some question"", ""options"": [""option1"", ""option2"", ""option3""]}]}",false,5
8,"{""test_name"": ""Mock Test 8"", ""q_count"": 100, ""question_data"": [{""q_string"": ""some question"", ""options"": [""option1"", ""option2"", ""option3""]}]}",false,24
9,"{""test_name"": ""Mock Test 9"", ""q_count"": 100, ""question_data"": [{""q_string"": ""some question"", ""options"": [""option1"", ""option2"", ""option3""]}]}",false,5
10,"{""test_name"": ""Mock Test 10"", ""q_count"": 100, ""question_data"": [{""q_string"": ""some question"", ""options"": [""option1"", ""option2"", ""option3""]}]}",false,3
11,"{""test_name"": ""Mock Test 11"", ""q_count"": 100, ""question_data"": [{""q_string"": ""some question"", ""options"": [""option1"", ""option2"", ""option3""]}]}",false,3
12,"{""test_name"": ""Mock Test 12"", ""q_count"": 100, ""question_data"": [{""q_string"": ""some question"", ""options"": [""option1"", ""option2"", ""option3""]}]}",false,65
13,"{""test_name"": ""Mock Test 13"", ""q_count"": 100, ""question_data"": [{""q_string"": ""some question"", ""options"": [""option1"", ""option2"", ""option3""]}]}",false,1
14,"{""test_name"": ""Mock Test 14"", ""q_count"": 100, ""question_data"": [{""q_string"": ""some question"", ""options"": [""option1"", ""option2"", ""option3""]}]}",false,74
15,"{""test_name"": ""Mock Test 15"", ""q_count"": 100, ""question_data"": [{""q_string"": ""some question"", ""options"": [""option1"", ""option2"", ""option3""]}]}",true,5
16,"{""test_name"": ""Mock Test 16"", ""q_count"": 100, ""question_data"": [{""q_string"": ""some question"", ""options"": [""option1"", ""option2"", ""option3""]}]}",false,1
17,"{""test_name"": ""Mock Test 17"", ""q_count"": 100, ""question_data"": [{""q_string"": ""some question"", ""options"": [""option1"", ""option2"", ""option3""]}]}",false,78
18,"{""test_name"": ""Mock Test 18"", ""q_count"": 100, ""question_data"": [{""q_string"": ""some question"", ""options"": [""option1"", ""option2"", ""option3""]}]}",true,3
19,"{""test_name"": ""Mock Test 19"", ""q_count"": 100, ""question_data"": [{""q_string"": ""some question"", ""options"": [""option1"", ""option2"", ""option3""]}]}",true,24
20,"{""test_name"": ""Mock Test 20"", ""q_count"": 100, ""question_data"": [{""q_string"": ""some question"", ""options"": [""option1"", ""option2"", ""option3""]}]}",false,24
21,"{""test_name"": ""Mock Test 21"", ""q_count"": 100, ""question_data"": [{""q_string"": ""some question"", ""options"": [""option1"", ""option2"", ""option3""]}]}",false,78
22,"{""test_name"": ""Mock Test 22"", ""q_count"": 100, ""question_data"": [{""q_string"": ""some question"", ""options"": [""option1"", ""option2"", ""option3""]}]}",false,1
23,"{""test_name"": ""Mock Test 23"", ""q_count"": 100, ""question_data"": [{""q_string"": ""some question"", ""options"": [""option1"", ""option2"", ""option3""]}]}",false,78
24,"{""test_name"": ""Mock Test 24"", ""q_count"": 100, ""question_data"": [{""q_string"": ""some question"", ""options"": [""option1"", ""option2"", ""option3""]}]}",true,65
25,"{""test_name"": ""Mock Test 25"", ""q_count"": 100, ""question_data"": [{""q_string"": ""some question"", ""options"": [""option1"", ""option2"", ""option3""]}]}",false,98
26,"{""test_name"": ""Mock Test 26"", ""q_count"": 100, ""question_data"": [{""q_string"": ""some question"", ""options"": [""option1"", ""option2"", ""option3""]}]}",false,24
27,"{""test_name"": ""Mock Test 27"", ""q_count"": 100, ""question_data"": [{""q_string"": ""some question"", ""options"": [""option1"", ""option2"", ""option3""]}]}",false,74
28,"{""test_name"": ""Mock Test 28"", ""q_count"": 100, ""question_data"": [{""q_string"": ""some question"", ""options"": [""option1"", ""option2"", ""option3""]}]}",false,74
29,"{""test_name"": ""Mock Test 29"", ""q_count"": 100, ""question_data"": [{""q_string"": ""some question"", ""options"": [""option1"", ""option2"", ""option3""]}]}",true,98
30,"{""test_name"": ""Mock Test 30"", ""q_count"": 100, ""question_data"": [{""q_string"": ""some question"", ""options"": [""option1"", ""option2"", ""option3""]}]}",true,65
31,"{""test_name"": ""Mock Test 31"", ""q_count"": 100, ""question_data"": [{""q_string"": ""some question"", ""options"": [""option1"", ""option2"", ""option3""]}]}",false,74
32,"{""test_name"": ""Mock Test 32"", ""q_count"": 100, ""question_data"": [{""q_string"": ""some question"", ""options"": [""option1"", ""option2"", ""option3""]}]}",false,78
33,"{""test_name"": ""Mock Test 33"", ""q_count"": 100, ""question_data"": [{""q_string"": ""some question"", ""options"": [""option1"", ""option2"", ""option3""]}]}",false,1
34,"{""test_name"": ""Mock Test 34"", ""q_count"": 100, ""question_data"": [{""q_string"": ""some question"", ""options"": [""option1"", ""option2"", ""option3""]}]}",false,24
35,"{""test_name"": ""Mock Test 35"", ""q_count"": 100, ""question_data"": [{""q_string"": ""some question"", ""options"": [""option1"", ""option2"", ""option3""]}]}",false,78
36,"{""test_name"": ""Mock Test 36"", ""q_count"": 100, ""question_data"": [{""q_string"": ""some question"", ""options"": [""option1"", ""option2"", ""option3""]}]}",false,65
37,"{""test_name"": ""Mock Test 37"", ""q_count"": 100, ""question_data"": [{""q_string"": ""some question"", ""options"": [""option1"", ""option2"", ""option3""]}]}",false,65
38,"{""test_name"": ""Mock Test 38"", ""q_count"": 100, ""question_data"": [{""q_string"": ""some question"", ""options"": [""option1"", ""option2"", ""option3""]}]}",false,24
39,"{""test_name"": ""Mock Test 39"", ""q_count"": 100, ""question_data"": [{""q_string"": ""some question"", ""options"": [""option1"", ""option2"", ""option3""]}]}",false,78
40,"{""test_name"": ""Mock Test 40"", ""q_count"": 100, ""question_data"": [{""q_string"": ""some question"", ""options"": [""option1"", ""option2"", ""option3""]}]}",false,65
41,"{""test_name"": ""Mock Test 41"", ""q_count"": 100, ""question_data"": [{""q_string"": ""some question"", ""options"": [""option1"", ""option2"", ""option3""]}]}",false,78
42,"{""test_name"": ""Mock Test 42"", ""q_count"": 100, ""question_data"": [{""q_string"": ""some question"", ""options"": [""option1"", ""option2"", ""option3""]}]}",false,78
43,"{""test_name"": ""Mock Test 43"", ""q_count"": 100, ""question_data"": [{""q_string"": ""some question"", ""options"": [""option1"", ""option2"", ""option3""]}]}",false,3
44,"{""test_name"": ""Mock Test 44"", ""q_count"": 100, ""question_data"": [{""q_string"": ""some question"", ""options"": [""option1"", ""option2"", ""option3""]}]}",true,78
45,"{""test_name"": ""Mock Test 45"", ""q_count"": 100, ""question_data"": [{""q_string"": ""some question"", ""options"": [""option1"", ""option2"", ""option3""]}]}",false,1
46,"{""test_name"": ""Mock Test 46"", ""q_count"": 100, ""question_data"": [{""q_string"": ""some question"", ""options"": [""option1"", ""option2"", ""option3""]}]}",false,24
47,"{""test_name"": ""Mock Test 47"", ""q_count"": 100, ""question_data"": [{""q_string"": ""some question"", ""options"": [""option1"", ""option2"", ""option3""]}]}",false,78
48,"{""test_name"": ""Mock Test 48"", ""q_count"": 100, ""question_data"": [{""q_string"": ""some question"", ""options"": [""option1"", ""option2"", ""option3""]}]}",false,5
49,"{""test_name"": ""Mock Test 49"", ""q_count"": 100, ""question_data"": [{""q_string"": ""some question"", ""options"": [""option1"", ""option2"", ""option3""]}]}",false,24
50,"{""test_name"": ""Mock Test 50"", ""q_count"": 100, ""question_data"": [{""q_string"": ""some question"", ""options"": [""option1"", ""option2"", ""option3""]}]}",false,78
51,"{""test_name"": ""Mock Test 51"", ""q_count"": 100, ""question_data"": [{""q_string"": ""some question"", ""options"": [""option1"", ""option2"", ""option3""]}]}",false,65
52,"{""test_name"": ""Mock Test 52"", ""q_count"": 100, ""question_data"": [{""q_string"": ""some question"", ""options"": [""option1"", ""option2"", ""option3""]}]}",false,98
53,"{""test_name"": ""Mock Test 53"", ""q_count"": 100, ""question_data"": [{""q_string"": ""some question"", ""options"": [""option1"", ""option2"", ""option3""]}]}",false,65
54,"{""test_name"": ""Mock Test 54"", ""q_count"": 100, ""question_data"": [{""q_string"": ""some question"", ""options"": [""option1"", ""option2"", ""option3""]}]}",false,74
55,"{""test_name"": ""Mock Test 55"", ""q_count"": 100, ""question_data"": [{""q_string"": ""some question"", ""options"": [""option1"", ""option2"", ""option3""]}]}",false,74
56,"{""test_name"": ""Mock Test 56"", ""q_count"": 100, ""question_data"": [{""q_string"": ""some question"", ""options"": [""option1"", ""option2"", ""option3""]}]}",true,98
57,"{""test_name"": ""Mock Test 57"", ""q_count"": 100, ""question_data"": [{""q_string"": ""some question"", ""options"": [""option1"", ""option2"", ""option3""]}]}",false,24
58,"{""test_name"": ""Mock Test 58"", ""q_count"": 100, ""question_data"": [{""q_string"": ""some question"", ""options"": [""option1"", ""option2"", ""option3""]}]}",false,1
59,"{""test_name"": ""Mock Test 59"", ""q_count"": 100, ""question_data"": [{""q_string"": ""some question"", ""options"": [""option1"", ""option2"", ""option3""]}]}",false,1
60,"{""test_name"": ""Mock Test 60"", ""q_count"": 100, ""question_data"": [{""q_string"": ""some question"", ""options"": [""option1"", ""option2"", ""option3""]}]}",false,1
61,"{""test_name"": ""Mock Test 61"", ""q_count"": 100, ""question_data"": [{""q_string"": ""some question"", ""options"": [""option1"", ""option2"", ""option3""]}]}",false,98
62,"{""test_name"": ""Mock Test 62"", ""q_count"": 100, ""question_data"": [{""q_string"": ""some question"", ""options"": [""option1"", ""option2"", ""option3""]}]}",false,1
63,"{""test_name"": ""Mock Test 63"", ""q_count"": 100, ""question_data"": [{""q_string"": ""some question"", ""options"": [""option1"", ""option2"", ""option3""]}]}",false,65
64,"{""test_name"": ""Mock Test 64"", ""q_count"": 100, ""question_data"": [{""q_string"": ""some question"", ""options"": [""option1"", ""option2"", ""option3""]}]}",false,78
65,"{""test_name"": ""Mock Test 65"", ""q_count"": 100, ""question_data"": [{""q_string"": ""some question"", ""options"": [""option1"", ""option2"", ""option3""]}]}",false,65
66,"{""test_name"": ""Mock Test 66"", ""q_count"": 100, ""question_data"": [{""q_string"": ""some question"", ""options"": [""option1"", ""option2"", ""option3""]}]}",false,74
67,"{""test_name"": ""Mock Test 67"", ""q_count"": 100, ""question_data"": [{""q_string"": ""some question"", ""options"": [""option1"", ""option2"", ""option3""]}]}",false,74
68,"{""test_name"": ""Mock Test 68"", ""q_count"": 100, ""question_data"": [{""q_string"": ""some question"", ""options"": [""option1"", ""option2"", ""option3""]}]}",false,5
69,"{""test_name"": ""Mock Test 69"", ""q_count"": 100, ""question_data"": [{""q_string"": ""some question"", ""options"": [""option1"", ""option2"", ""option3""]}]}",false,74
70,"{""test_name"": ""Mock Test 70"", ""q_count"": 100, ""question_data"": [{""q_string"": ""some question"", ""options"": [""option1"", ""option2"", ""option3""]}]}",false,1
71,"{""test_name"": ""Mock Test 71"", ""q_count"": 100, ""question_data"": [{""q_string"": ""some question"", ""options"": [""option1"", ""option2"", ""option3""]}]}",false,24
72,"{""test_name"": ""Mock Test 72"", ""q_count"": 100, ""question_data"": [{""q_string"": ""some question"", ""options"": [""option1"", ""option2"", ""option3""]}]}",true,24
73,"{""test_name"": ""Mock Test 73"", ""q_count"": 100, ""question_data"": [{""q_string"": ""some question"", ""options"": [""option1"", ""option2"", ""option3""]}]}",false,3
74,"{""test_name"": ""Mock Test 74"", ""q_count"": 100, ""question_data"": [{""q_string"": ""some question"", ""options"": [""option1"", ""option2"", ""option3""]}]}",false,78
75,"{""test_name"": ""Mock Test 75"", ""q_count"": 100, ""question_data"": [{""q_string"": ""some question"", ""options"": [""option1"", ""option2"", ""option3""]}]}",false,74
76,"{""test_name"": ""Mock Test 76"", ""q_count"": 100, ""question_data"": [{""q_string"": ""some question"", ""options"": [""option1"", ""option2"", ""option3""]}]}",false,98
77,"{""test_name"": ""Mock Test 77"", ""q_count"": 100, ""question_data"": [{""q_string"": ""some question"", ""options"": [""option1"", ""option2"", ""option3""]}]}",false,65
78,"{""test_name"": ""Mock Test 78"", ""q_count"": 100, ""question_data"": [{""q_string"": ""some question"", ""options"": [""option1"", ""option2"", ""option3""]}]}",false,65
79,"{""test_name"": ""Mock Test 79"", ""q_count"": 100, ""question_data"": [{""q_string"": ""some question"", ""options"": [""option1"", ""option2"", ""option3""]}]}",true,65
80,"{""test_name"": ""Mock Test 80"", ""q_count"": 100, ""question_data"": [{""q_string"": ""some question"", ""options"": [""option1"", ""option2"", ""option3""]}]}",false,78
81,"{""test_name"": ""Mock Test 81"", ""q_count"": 100, ""question_data"": [{""q_string"": ""some question"", ""options"": [""option1"", ""option2"", ""option3""]}]}",false,65
82,"{""test_name"": ""Mock Test 82"", ""q_count"": 100, ""question_data"": [{""q_string"": ""some question"", ""options"": [""option1"", ""option2"", ""option3""]}]}",true,78
83,"{""test_name"": ""Mock Test 83"", ""q_count"": 100, ""question_data"": [{""q_string"": ""some question"", ""options"": [""option1"", ""option2"", ""option3""]}]}",false,5
84,"{""test_name"": ""Mock Test 84"", ""q_count"": 100, ""question_data"": [{""q_string"": ""some question"", ""options"": [""option1"", ""option2"", ""option3""]}]}",false,3
85,"{""test_name"": ""Mock Test 85"", ""q_count"": 100, ""question_data"": [{""q_string"": ""some question"", ""options"": [""option1"", ""option2"", ""option3""]}]}",true,24
86,"{""test_name"": ""Mock Test 86"", ""q_count"": 100, ""question_data"": [{""q_string"": ""some question"", ""options"": [""option1"", ""option2"", ""option3""]}]}",false,98
87,"{""test_name"": ""Mock Test 87"", ""q_count"": 100, ""question_data"": [{""q_string"": ""some question"", ""options"": [""option1"", ""option2"", ""option3""]}]}",false,3
88,"{""test_name"": ""Mock Test 88"", ""q_count"": 100, ""question_data"": [{""q_string"": ""some question"", ""options"": [""option1"", ""option2"", ""option3""]}]}",false,3
89,"{""test_name"": ""Mock Test 89"", ""q_count"": 100, ""question_data"": [{""q_string"": ""some question"", ""options"": [""option1"", ""option2"", ""option3""]}]}",false,74
90,"{""test_name"": ""Mock Test 90"", ""q_count"": 100, ""question_data"": [{""q_string"": ""some question"", ""options"": [""option1"", ""option2"", ""option3""]}]}",false,78
91,"{""test_name"": ""Mock Test 91"", ""q_count"": 100, ""question_data"": [{""q_string"": ""some question"", ""options"": [""option1"", ""option2"", ""option3""]}]}",false,3
92,"{""test_name"": ""Mock Test 92"", ""q_count"": 100, ""question_data"": [{""q_string"": ""some question"", ""options"": [""option1"", ""option2"", ""option3""]}]}",false,24
93,"{""test_name"": ""Mock Test 93"", ""q_count"": 100, ""question_data"": [{""q_string"": ""some question"", ""options"": [""option1"", ""option2"", ""option3""]}]}",false,78
94,"{""test_name"": ""Mock Test 94"", ""q_count"": 100, ""question_data"": [{""q_string"": ""some question"", ""options"": [""option1"", ""option2"", ""option3""]}]}",false,98
95,"{""test_name"": ""Mock Test 95"", ""q_count"": 100, ""question_data"": [{""q_string"": ""some question"", ""options"": [""option1"", ""option2"", ""option3""]}]}",false,65
96,"{""test_name"": ""Mock Test 96"", ""q_count"": 100, ""question_data"": [{""q_string"": ""some question"", ""options"": [""option1"", ""option2"", ""option3""]}]}",false,78
97,"{""test_name"": ""Mock Test 97"", ""q_count"": 100, ""question_data"": [{""q_string"": ""some question"", ""options"": [""option1"", ""option2"", ""option3""]}]}",true,24
98,"{""test_name"": ""Mock Test 98"", ""q_count"": 100, ""question_data"": [{""q_string"": ""some question"", ""options"": [""option1"", ""option2"", ""option3""]}]}",false,3
99,"{""test_name"": ""Mock Test 99"", ""q_count"": 100, ""question_data"": [{""q_string"": ""some question"", ""options"": [""option1"", ""option2"", ""option3""]}]}",false,74
100,"{""test_name"": ""Mock Test 100"", ""q_count"": 100, ""question_data"": [{""q_string"": ""some question"", ""options"": [""option1"", ""option2"", ""option3""]}]}",false,1
